{"graph": {"_type": "graph-file", "path": "media/graph/g.r.a.p.h_summary_2df55a7d.graph.json", "sha256": "2df55a7d36c2663b8a84e53699a2bcafe28cdea3ff999171ba8d4061bd81a2d9", "size": 409}, "epoch": 0, "factorized_top_k/top_1_categorical_accuracy": 0.0, "factorized_top_k/top_5_categorical_accuracy": 0.0, "factorized_top_k/top_10_categorical_accuracy": 0.0, "factorized_top_k/top_50_categorical_accuracy": 0.0, "factorized_top_k/top_100_categorical_accuracy": 0.0, "loss": 8.047189712524414, "regularization_loss": 0, "total_loss": 8.047189712524414, "_step": 0, "_runtime": 6, "_timestamp": 1658759848}