{
    "os": "Linux-5.4.0-51-generic-x86_64-with-glibc2.10",
    "python": "3.8.5",
    "heartbeatAt": "2020-11-13T08:50:19.286800",
    "startedAt": "2020-11-13T08:50:18.022895",
    "docker": null,
    "cpu_count": 4,
    "cuda": null,
    "args": [
        "--dataset=Dataset",
        "--model=RetrievalModel",
        "--network=retrieval_basic_factorization",
        "--network_args.embedding_dimension=64",
        "--train_args.epochs=120",
        "--train_args.learning_rate=0.001",
        "--train_args.optimizer=SGD"
    ],
    "state": "running",
    "codePath": "train/run_sweep.py",
    "program": "train/run_sweep.py",
    "host": "hojin-UX530UQ",
    "username": "hojin",
    "executable": "/home/hojin/anaconda3/envs/tfrs/bin/python"
}
