{"graph": {"_type": "graph-file", "path": "media/graph/g.r.a.p.h_summary_a62dd6bc.graph.json", "sha256": "a62dd6bc7d03e75d2ed99250a340365b0f9b6d4ea282cf6d048fe74ca65192f5", "size": 417}, "epoch": 119, "factorized_top_k/top_1_categorical_accuracy": 0.0, "factorized_top_k/top_5_categorical_accuracy": 0.0, "factorized_top_k/top_10_categorical_accuracy": 0.0, "factorized_top_k/top_50_categorical_accuracy": 0.0, "factorized_top_k/top_100_categorical_accuracy": 0.0, "loss": 11323.7216796875, "regularization_loss": 0, "total_loss": 11323.7216796875, "_step": 119, "_runtime": 476, "_timestamp": 1605257894, "val_factorized_top_k/top_1_categorical_accuracy": 0.0010902243666350842, "val_factorized_top_k/top_5_categorical_accuracy": 0.006904753856360912, "val_factorized_top_k/top_10_categorical_accuracy": 0.017674848437309265, "val_factorized_top_k/top_50_categorical_accuracy": 0.07793451845645905, "val_factorized_top_k/top_100_categorical_accuracy": 0.13565033674240112, "val_loss": 13964.330078125, "val_regularization_loss": 0, "val_total_loss": 13964.330078125, "best_val_loss": 13964.330078125, "best_epoch": 119}