{
    "pythonClassName": "tensorflow_datasets.core.features.features_dict.FeaturesDict",
    "featuresDict": {
        "features": {
            "movie_id": {
                "pythonClassName": "tensorflow_datasets.core.features.tensor_feature.Tensor",
                "tensor": {
                    "shape": {},
                    "dtype": "string",
                    "encoding": "none"
                }
            },
            "movie_genres": {
                "pythonClassName": "tensorflow_datasets.core.features.sequence_feature.Sequence",
                "sequence": {
                    "feature": {
                        "pythonClassName": "tensorflow_datasets.core.features.class_label_feature.ClassLabel",
                        "classLabel": {
                            "numClasses": "21"
                        }
                    },
                    "length": "-1"
                }
            },
            "movie_title": {
                "pythonClassName": "tensorflow_datasets.core.features.tensor_feature.Tensor",
                "tensor": {
                    "shape": {},
                    "dtype": "string",
                    "encoding": "none"
                }
            }
        }
    }
}