{"graph": {"_type": "graph-file", "path": "media/graph/g.r.a.p.h_summary_4eb61ff2.graph.json", "sha256": "4eb61ff21b73b81a00003bb7cb98abfb107b7123c70a5a1298c1ecb99e6d6caf", "size": 416}, "epoch": 0, "factorized_top_k/top_1_categorical_accuracy": 0.0, "factorized_top_k/top_5_categorical_accuracy": 0.0, "factorized_top_k/top_10_categorical_accuracy": 0.0, "factorized_top_k/top_50_categorical_accuracy": 0.0, "factorized_top_k/top_100_categorical_accuracy": 0.0, "loss": 3157.8681640625, "regularization_loss": 0, "total_loss": 3157.8681640625, "_step": 0, "_runtime": 33, "_timestamp": 1658746424}