{
    "os": "Windows-10-10.0.19041-SP0",
    "python": "3.7.9",
    "heartbeatAt": "2022-07-25T14:35:56.290361",
    "startedAt": "2022-07-25T14:35:51.709565",
    "docker": null,
    "cpu_count": 8,
    "cuda": null,
    "args": [
        "run",
        "--port=8000"
    ],
    "state": "running",
    "codePath": "env\\lib\\site-packages\\flask\\__main__.py",
    "program": "D:\\Users\\liels\\OneDrive\\Desktop\\tfrs-movierec-serving-main\\env\\lib\\site-packages\\flask\\__main__.py",
    "host": "DESKTOP-8TH8INN",
    "username": "liels",
    "executable": "D:\\Users\\liels\\OneDrive\\Desktop\\tfrs-movierec-serving-main\\env\\Scripts\\python.exe"
}
