{"graph": {"_type": "graph-file", "path": "media/graph/g.r.a.p.h_summary_d6e24ba2.graph.json", "sha256": "d6e24ba2c47ef765a3848074da430de4f961e6238e8a0edd6c56a2baf0b7d625", "size": 420}, "epoch": 0, "factorized_top_k/top_1_categorical_accuracy": 0.0, "factorized_top_k/top_5_categorical_accuracy": 0.0, "factorized_top_k/top_10_categorical_accuracy": 0.0, "factorized_top_k/top_50_categorical_accuracy": 0.0, "factorized_top_k/top_100_categorical_accuracy": 0.0, "loss": 3160.013671875, "regularization_loss": 0, "total_loss": 3160.013671875, "_step": 0, "_runtime": 14, "_timestamp": 1658751276}