{
    "pythonClassName": "tensorflow_datasets.core.features.features_dict.FeaturesDict",
    "featuresDict": {
        "features": {
            "movie_genres": {
                "pythonClassName": "tensorflow_datasets.core.features.sequence_feature.Sequence",
                "sequence": {
                    "feature": {
                        "pythonClassName": "tensorflow_datasets.core.features.class_label_feature.ClassLabel",
                        "classLabel": {
                            "numClasses": "21"
                        }
                    },
                    "length": "-1"
                }
            },
            "user_id": {
                "pythonClassName": "tensorflow_datasets.core.features.tensor_feature.Tensor",
                "tensor": {
                    "shape": {},
                    "dtype": "string",
                    "encoding": "none"
                }
            },
            "raw_user_age": {
                "pythonClassName": "tensorflow_datasets.core.features.tensor_feature.Tensor",
                "tensor": {
                    "shape": {},
                    "dtype": "float32",
                    "encoding": "none"
                }
            },
            "user_occupation_text": {
                "pythonClassName": "tensorflow_datasets.core.features.tensor_feature.Tensor",
                "tensor": {
                    "shape": {},
                    "dtype": "string",
                    "encoding": "none"
                }
            },
            "movie_title": {
                "pythonClassName": "tensorflow_datasets.core.features.tensor_feature.Tensor",
                "tensor": {
                    "shape": {},
                    "dtype": "string",
                    "encoding": "none"
                }
            },
            "user_rating": {
                "pythonClassName": "tensorflow_datasets.core.features.tensor_feature.Tensor",
                "tensor": {
                    "shape": {},
                    "dtype": "float32",
                    "encoding": "none"
                }
            },
            "timestamp": {
                "pythonClassName": "tensorflow_datasets.core.features.tensor_feature.Tensor",
                "tensor": {
                    "shape": {},
                    "dtype": "int64",
                    "encoding": "none"
                }
            },
            "user_gender": {
                "pythonClassName": "tensorflow_datasets.core.features.tensor_feature.Tensor",
                "tensor": {
                    "shape": {},
                    "dtype": "bool",
                    "encoding": "none"
                }
            },
            "user_occupation_label": {
                "pythonClassName": "tensorflow_datasets.core.features.class_label_feature.ClassLabel",
                "classLabel": {
                    "numClasses": "22"
                }
            },
            "bucketized_user_age": {
                "pythonClassName": "tensorflow_datasets.core.features.tensor_feature.Tensor",
                "tensor": {
                    "shape": {},
                    "dtype": "float32",
                    "encoding": "none"
                }
            },
            "movie_id": {
                "pythonClassName": "tensorflow_datasets.core.features.tensor_feature.Tensor",
                "tensor": {
                    "shape": {},
                    "dtype": "string",
                    "encoding": "none"
                }
            },
            "user_zip_code": {
                "pythonClassName": "tensorflow_datasets.core.features.tensor_feature.Tensor",
                "tensor": {
                    "shape": {},
                    "dtype": "string",
                    "encoding": "none"
                }
            }
        }
    }
}